"","zip","lat","long","y","price","option","age","income","ethnic","education"
"1",91001,34.19,-118.14,1,2078.6,-341.6,41,75000,9.2999,50.3925
"2",91001,34.19,-118.14,0,-242.75,178.3,65,87426,1.7107,62.0349
"3",91001,34.19,-118.14,1,2127.5,391.25,43,64513,2.986,43.9477
"4",91001,34.19,-118.14,1,-5066.375,115.5,55,58929,0,40.7911
"5",91001,34.19,-118.14,0,-694.5294118,-157.4117647,71,68202,3.9418,41.5412
"6",91001,34.19,-118.14,0,-1880.16,-782.28,50,68202,3.9418,41.5412
"7",91001,34.19,-118.14,0,-966.6458333,-544.2083333,60,80319,4.2514,55.5556
"8",91001,34.19,-118.14,1,-8355.888889,-296.3333333,41,84838,1.6499,47.9082
"9",91001,34.19,-118.14,1,-2219.5,169.75,65,114091,9.6484,70.1318
"10",91006,34.13,-118.03,1,-3766.285714,235,28,78571,11.4126,39.1768
"11",91006,34.13,-118.03,1,-3714.285714,-124.5714286,41,46607,25.2809,25.9259
"12",91006,34.13,-118.03,1,3716,0,29,56250,44.7392,38.7449
"13",91006,34.13,-118.03,1,-1459,308,41,36942,21.4685,35.585
"14",91006,34.13,-118.03,1,-4809.5,-86.75,41,87500,25.5014,51.1475
"15",91006,34.13,-118.03,1,-4523,67.666666667,50,96264,32.2669,41.6667
"16",91006,34.13,-118.03,1,-4582.2,413.8,72,56250,44.7392,38.7449
"17",91006,34.13,-118.03,1,228.72727273,459.54545455,52,33214,23.0241,25.6065
"18",91006,34.13,-118.03,1,2246.0909091,237.81818182,47,83272,31.2757,35.0163
"19",91010,34.14,-117.96,1,-284.6,163,46,60404,19.4478,41.4634
"20",91010,34.14,-117.97,1,-6562.7,-79.2,64,38663,4.5537,17.4901
"21",91010,34.14,-117.97,1,-5481.909091,596.81818182,51,51020,7.8801,27.2993
"22",91011,34.21,-118.2,1,-6474.428571,538.85714286,45,125145,16.4729,63.9103
"23",91011,34.21,-118.2,1,-2151.8,-541.3,41,81548,17.7559,36.0958
"24",91011,34.21,-118.2,1,-2494.285714,0,41,94093,11.4743,55.2419
"25",91011,34.21,-118.2,1,-4340.285714,0,56,96780,11.3402,63.5762
"26",91011,34.21,-118.2,1,-5857,523.42857143,22,96780,11.3402,63.5762
"27",91011,34.21,-118.2,1,-3126.846154,-110.4615385,32,98732,7.3654,50.6378
"28",91011,34.21,-118.2,1,-4933.888889,-296.3333333,41,96976,12.4434,73.9726
"29",91024,34.17,-118.05,1,2685.8,312.8,27,67995,1.1744,39.2977
"30",91024,34.17,-118.05,1,-6432.5,-437,41,57576,1.8367,51.7544
"31",91024,34.17,-118.05,0,-275.2307692,300.28846154,31,45028,0.6245,35.2736
"32",91024,34.17,-118.05,1,461.66666667,-359.3333333,41,84750,2.6406,65.411
"33",91024,34.17,-118.05,0,-3839.266667,257.63333333,46,74643,4.3672,52.0325
"34",91024,34.17,-118.05,1,-805.2727273,39.545454545,61,57576,1.8367,51.7544
"35",91024,34.17,-118.05,1,-6100.888889,-296.3333333,47,52218,11.0384,29.9611
"36",91030,34.11,-118.16,1,-1716.285714,377,38,81806,3.3976,69.6203
"37",91030,34.11,-118.16,1,-1096,97.5,63,71294,25.4352,50.4696
"38",91030,34.11,-118.16,1,-418,1333,38,82787,0,56.3177
"39",91030,34.11,-118.16,1,-4118.166667,-733,41,42830,17.3276,39.6985
"40",91030,34.11,-118.16,1,-5827.9,579.5,80,51059,23.1633,46.6221
"41",91030,34.11,-118.16,1,-2662.5,-86.75,67,111795,43.6364,61.4545
"42",91030,34.11,-118.16,1,1517.125,-351.125,30,57237,13.1673,49.8146
"43",91030,34.11,-118.16,1,-3154.625,1125.625,59,111795,43.6364,61.4545
"44",91030,34.11,-118.16,0,-7103.390244,233.92682927,48,111795,43.6364,61.4545
"45",91030,34.11,-118.16,1,2546.8461538,-226.3076923,24,61961,20.1117,58.6988
"46",91030,34.11,-118.16,1,1130.6666667,-337.5,41,53668,17.6471,54.4034
"47",91030,34.11,-118.16,1,-5441.2,145.4,65,51593,15.2677,45.9155
"48",91030,34.11,-118.16,1,-6908.25,344.25,58,51059,23.1633,46.6221
"49",91030,34.11,-118.16,1,409.25,-430.75,41,48726,1.6929,55.6876
"50",91030,34.11,-118.16,1,236.09090909,-131.1818182,41,111795,43.6364,61.4545
"51",91040,34.26,-118.32,1,1333.2307692,-339.1538462,41,92355,3.3501,30.8103
"52",91040,34.26,-118.32,1,-3095.6,-416,41,81045,4.13,27.6923
"53",91101,34.15,-118.14,0,-2781.276596,220.63829787,31,46291,9.284,59.899
"54",91101,34.15,-118.14,1,-4731.5,287.5,47,41509,7.7309,45.0667
"55",91101,34.15,-118.14,1,-3918.166667,12,37,64583,5.1002,19.6359
"56",91101,34.15,-118.14,1,1553.5555556,228.44444444,36,41912,5.3079,48.8038
"57",91101,34.15,-118.14,0,-2304.5,193.4375,20,27593,3.1036,34.7368
"58",91101,34.15,-118.14,1,108.64285714,-200,28,46291,9.284,59.899
"59",91101,34.15,-118.14,1,-4641.538462,182.23076923,47,39722,5.9663,47.535
"60",91103,34.17,-118.16,1,-4616,-56.75,41,37500,22.3448,26.2774
"61",91103,34.17,-118.16,1,-404.3333333,-304.3333333,54,128052,8.1977,66.9746
"62",91103,34.17,-118.16,1,-1374.5,188,50,93990,0,66.5975
"63",91103,34.17,-118.16,0,-6374.390244,-178.6829268,37,20477,1.4419,5.1988
"64",91103,34.17,-118.16,1,-6714.888889,-18.33333333,46,37500,22.3448,26.2774
"65",91104,34.17,-118.13,1,-3585.428571,166.28571429,51,65057,13.9468,47.3386
"66",91104,34.17,-118.13,1,-2100.166667,14,41,71154,4.3378,43.3612
"67",91104,34.17,-118.13,1,-3640.444444,1038.8888889,56,48730,6.7751,24.6201
"68",91104,34.17,-118.13,0,-1263.5,-417.5625,75,84491,8.5635,49.2662
"69",91104,34.17,-118.13,1,-7438.5,280.66666667,50,29573,1.7236,16.9811
"70",91104,34.17,-118.13,1,-6733.166667,241.5,47,60227,11.0143,41.7697
"71",91105,34.14,-118.16,1,-3566.333333,159,47,118750,2.3613,64.7773
"72",91105,34.14,-118.16,1,-3853.833333,403,55,108811,8.7838,63.2236
"73",91105,34.14,-118.16,1,-1671.166667,-733,41,108811,8.7838,63.2236
"74",91105,34.14,-118.16,0,-3675.27451,197.05882353,32,71875,6.2044,62.6522
"75",91105,34.14,-118.16,1,4205.1,305.5,43,99188,4.2829,65.4762
"76",91105,34.14,-118.16,1,-4175.2,-306.2,41,99188,4.2829,65.4762
"77",91105,34.14,-118.16,1,-2896,302,53,103774,12,61.8557
"78",91105,34.14,-118.16,1,-7637.5,376.66666667,67,71875,6.2044,62.6522
"79",91105,34.14,-118.16,1,-6345,150.125,57,82377,1.9087,55.6561
"80",91106,34.14,-118.13,1,-3374.75,-209,25,35822,10.9865,44.6203
"81",91106,34.14,-118.13,1,-2296.5,-128.5,38,35238,9.6718,34.8936
"82",91106,34.14,-118.13,1,2047.5714286,655.28571429,60,88262,14.8438,60.3104
"83",91106,34.14,-118.13,0,-652.9795918,213.48979592,50,41094,11.0149,67.4191
"84",91106,34.14,-118.13,1,-4175.307692,1007.7692308,57,44459,4.9462,34.6003
"85",91106,34.14,-118.13,0,-2149.835821,-226.4328358,40,75840,7.1648,70.3204
"86",91106,34.14,-118.13,1,-5319.357143,102,44,59605,7.126,59.0116
"87",91106,34.14,-118.13,1,-2005.625,-230.375,28,45541,13.2348,67.0353
"88",91106,34.14,-118.13,1,-1833,0,41,45541,13.2348,67.0353
"89",91106,34.14,-118.13,0,1384.9090909,387.90909091,50,114722,8.3837,69.4206
"90",91107,34.15,-118.09,1,-1639.5,903,72,101852,18.188,55.7621
"91",91107,34.15,-118.09,1,4928.5714286,-147.7142857,34,58362,12.6168,29.6014
"92",91107,34.15,-118.09,1,-1873.333333,664.33333333,50,44419,11.6836,48.3938
"93",91107,34.15,-118.09,1,-1544,1270,69,56086,6.1905,41.626
"94",91107,34.15,-118.09,1,-1624,0,41,74755,10.1351,44.3969
"95",91107,34.15,-118.09,1,-3265.333333,-39.33333333,60,44419,11.6836,48.3938
"96",91107,34.15,-118.09,1,-7370.2,-306.2,41,30000,12.4622,42.6099
"97",91107,34.15,-118.09,0,-3527.74,-213.98,40,44419,11.6836,48.3938
"98",91107,34.15,-118.09,0,-7406.435897,169.56410256,34,56086,6.1905,41.626
"99",91107,34.15,-118.09,1,-2954.25,597.75,41,101852,18.188,55.7621
"100",91107,34.15,-118.09,1,-4216.75,237.5,47,81928,9.8518,61.2006
"101",91107,34.15,-118.09,0,-5107.047619,-158.4285714,28,44419,11.6836,48.3938
"102",91108,34.12,-118.11,1,-1390,162.6,80,105814,39.3376,58.5784
"103",91108,34.12,-118.11,1,-6855.5,224.25,22,145238,12.6817,65.8143
"104",91108,34.12,-118.11,1,-3016.285714,23.285714286,47,137500,31.4491,81.25
"105",91108,34.12,-118.11,1,1365.7142857,128.71428571,47,85156,44.0688,69.3032
"106",91108,34.12,-118.11,1,-6579.2,129.4,54,150000,29.3008,56.3011
"107",91108,34.12,-118.11,1,422.8,358.8,77,136345,29.3803,74.3429
"108",91201,34.17,-118.29,1,-3255,-234.3333333,41,47698,10.7087,36.5729
"109",91201,34.17,-118.29,1,-3589.8,-170.4,47,92532,9.0472,49.8452
"110",91201,34.17,-118.29,1,-5888.714286,-184,41,53938,14.7939,21.3483
"111",91201,34.17,-118.29,1,-4209.25,-194.25,53,30995,9.424,25.3604
"112",91201,34.15,-118.27,0,-3153.828571,103.88571429,50,33860,8.8166,20.2643
"113",91202,34.17,-118.27,1,-11,-301.4,35,50410,14.5756,31.0777
"114",91202,34.17,-118.27,1,-4474.5,-135.6666667,72,113816,12.4057,47.1709
"115",91202,34.17,-118.27,1,1229,78.333333333,35,33392,25.1966,40.0107
"116",91202,34.17,-118.27,1,-2733.625,-459.5,35,33392,25.1966,40.0107
"117",91203,34.15,-118.27,0,2977.0204082,213.48979592,61,45235,11.8326,34.9686
"118",91203,34.15,-118.27,1,-7481.5,-394.3333333,28,42148,14.8579,29.2308
"119",91205,34.14,-118.24,1,-5799.75,-209,32,24012,12.9738,16.8611
"120",91205,34.14,-118.24,1,-2180,154.25,47,68287,7.0761,28.8416
"121",91205,34.14,-118.24,1,1908.8,106.8,47,68287,7.0761,28.8416
"122",91205,34.14,-118.24,1,-3461.615385,-25.23076923,47,68287,7.0761,28.8416
"123",91205,34.14,-118.24,1,-4090.8,659.4,37,29375,13.3757,27.3527
"124",91205,34.14,-118.24,1,-4484,281,47,68287,7.0761,28.8416
"125",91205,34.14,-118.24,1,-2638.285714,-230.2857143,44,36319,17.3,24.9899
"126",91205,34.14,-118.24,1,-4249.6,-416,41,91882,7.9758,43.6674
"127",91206,34.16,-118.22,1,-4648.75,677,79,47813,12.506,42.0067
"128",91206,34.16,-118.22,1,-4923.9,-232,47,40000,11.7647,30.2485
"129",91206,34.16,-118.22,1,-2114.571429,52.285714286,45,95588,17.3968,60.106
"130",91206,34.16,-118.22,1,-5827.9,579.5,34,81982,31.8477,50.5963
"131",91206,34.16,-118.22,0,-1881.068966,218.24137931,80,68545,13.5546,53.4989
"132",91206,34.16,-118.22,0,-1016.15493,191.67605634,75,68545,13.5546,53.4989
"133",91206,34.16,-118.22,0,-1081.763158,217.60526316,75,95588,17.3968,60.106
"134",91206,34.16,-118.22,0,-7021.095238,187.5952381,40,108856,17.3266,53.3467
"135",91206,34.16,-118.22,1,-1725.6,-416,50,47813,12.506,42.0067
"136",91206,34.16,-118.22,0,342.29310345,-784.4827586,50,42971,8.1312,42.9461
"137",91206,34.16,-118.22,1,-4486.538462,-102.7692308,41,40000,11.7647,30.2485
"138",91207,34.17,-118.25,1,2756.7142857,-202.2857143,31,113816,12.4057,47.1709
"139",91207,34.17,-118.25,1,-3375.714286,-184,41,113816,12.4057,47.1709
"140",91208,34.19,-118.23,1,1907.7777778,-317,42,47519,19.4195,45.7831
"141",91208,34.19,-118.23,1,-3877.428571,-147.7142857,41,59743,5.3191,41.4514
"142",91208,34.19,-118.23,1,-394.4444444,279.88888889,54,47519,19.4195,45.7831
"143",91208,34.19,-118.23,1,-2716.375,-607.5,41,96531,10.037,46.8284
"144",91208,34.19,-118.23,1,-11985.25,0,41,78433,9.2077,50.1088
"145",91208,34.48,-118.45,1,-1899.846154,-110.4615385,41,149795,24.498,61.1827
"146",91214,34.23,-118.25,1,-1818.714286,-122.1428571,41,63116,20.5462,41.8776
"147",91214,34.23,-118.25,1,-258.4,-341.6,28,54896,11.1111,41.9643
"148",91214,34.23,-118.25,1,1881.5555556,-91.11111111,41,91882,7.9758,43.6674
"149",91214,34.23,-118.25,1,-3769.444444,-91.11111111,59,80273,5.6977,31.7487
"150",91214,34.23,-118.25,1,-5590.222222,147.22222222,53,49722,15.6307,30.7345
"151",91214,34.23,-118.25,1,-3026.8,-170.4,41,87663,14.7059,40.4382
"152",91214,34.23,-118.25,1,-2648.384615,-447.0769231,68,91882,7.9758,43.6674
"153",91214,34.23,-118.25,0,-381.4,164.33333333,72,91882,7.9758,43.6674
"154",91214,34.23,-118.25,1,-687.2727273,89.545454545,43,82000,7.1693,35.0114
"155",91301,34.15,-118.76,1,-2305.5,0,52,99925,6.5135,50.1789
"156",91301,34.15,-118.76,1,3952.3333333,132.83333333,51,99925,6.5135,50.1789
"157",91301,34.15,-118.76,1,-212.5,-187.5,47,99925,6.5135,50.1789
"158",91301,34.15,-118.76,1,-1402.857143,116.42857143,75,99925,6.5135,50.1789
"159",91301,34.15,-118.76,1,-3206.555556,223.33333333,50,74333,5.0698,51.3976
"160",91301,34.15,-118.76,1,-7012.5,632.25,61,99925,6.5135,50.1789
"161",91301,34.15,-118.76,1,-6630.857143,376.78571429,56,74333,5.0698,51.3976
"162",91301,34.15,-118.76,1,-3866.285714,-287.7142857,56,99925,6.5135,50.1789
"163",91301,34.15,-118.76,1,-158.125,-164.875,57,99925,6.5135,50.1789
"164",91301,34.15,-118.76,1,-3268.714286,-184,79,74333,5.0698,51.3976
"165",91301,34.15,-118.76,1,-1798.714286,843,21,99925,6.5135,50.1789
"166",91301,34.15,-118.76,1,-8119.777778,-180.8888889,38,99925,6.5135,50.1789
"167",91301,34.15,-118.76,1,-10686.25,0,56,99925,6.5135,50.1789
"168",91301,34.15,-118.76,1,2024.25,-48.5,69,99925,6.5135,50.1789
"169",91301,34.15,-118.76,1,3993.8,-546.2,56,76450,5.6287,47.0159
"170",91301,34.15,-118.76,1,-4102.272727,-272.4545455,41,74333,5.0698,51.3976
"171",91301,34.15,-118.76,1,-999.2727273,-1.454545455,37,74333,5.0698,51.3976
"172",91301,34.15,-118.76,1,-2428.166667,-33.5,45,99925,6.5135,50.1789
"173",91302,34.14,-118.66,1,1803.2857143,-122.1428571,49,134032,5.7069,53.9307
"174",91302,34.14,-118.66,1,2006.1,-232,18,134032,5.7069,53.9307
"175",91302,34.14,-118.66,1,-815.8571429,11.785714286,67,121193,7.3367,56.3883
"176",91302,34.14,-118.66,1,1560.875,277.125,43,134032,5.7069,53.9307
"177",91302,34.14,-118.66,1,-137.875,-351.125,47,74333,5.0698,51.3976
"178",91302,34.14,-118.66,1,-6763.153846,-64.30769231,70,134032,5.7069,53.9307
"179",91302,34.14,-118.66,1,-4387.666667,-389,41,133163,6.8508,53.913
"180",91302,34.14,-118.66,1,-5942.692308,51.769230769,54,134032,5.7069,53.9307
"181",91302,34.14,-118.66,1,-5155.166667,-33.5,41,134032,5.7069,53.9307
"182",91304,34.22,-118.62,1,-2155.666667,-126.1666667,69,65448,5.5666,30.5902
"183",91304,34.22,-118.62,1,-7690.5,172.25,62,89209,4.8523,42.9167
"184",91304,34.22,-118.62,1,2542.3,-138.2,29,91035,2.78,45.727
"185",91304,34.22,-118.62,1,-4704.625,-230.375,67,85326,28.3249,31.2121
"186",91304,34.22,-118.62,1,-2986.181818,-56.90909091,74,120737,16.6667,52.1398
"187",91304,34.22,-118.62,1,-3493.285714,0,56,120737,16.6667,52.1398
"188",91304,34.22,-118.62,1,-5508.2,-143.6,43,102951,13.3749,52.8273
"189",91306,34.21,-118.58,1,-1827.285714,-124.5714286,41,53249,17.4301,27.9962
"190",91306,34.21,-118.58,1,-6695.5,18.666666667,46,50515,12.253,28.7574
"191",91306,34.21,-118.58,1,-3813.615385,-345.2307692,18,70714,13.4364,32.3741
"192",91306,34.21,-118.58,1,-1140.428571,-112.1428571,39,53084,21.7593,34.3075
"193",91307,34.2,-118.64,1,-659,-80.66666667,47,89209,4.8523,42.9167
"194",91307,34.2,-118.64,1,-685.5714286,-285.7142857,67,98445,8.1258,49.2509
"195",91307,34.2,-118.64,1,-3932.7,-138.2,73,65480,5.5521,24.9745
"196",91307,34.2,-118.64,1,-937.7142857,-184,70,60598,1.0323,26.7068
"197",91307,34.2,-118.64,1,141,0,51,78571,4.5528,29.0398
"198",91307,34.2,-118.64,1,-5456.285714,0.7142857143,41,98445,8.1258,49.2509
"199",91307,34.2,-118.64,1,2781.1428571,-202.4285714,71,98445,8.1258,49.2509
"200",91311,34.25,-118.59,1,-238.5,-507.6666667,41,46250,12.5465,32.9987
"201",91311,34.25,-118.59,1,-3358.285714,-63,47,95180,6.4662,34.6576
"202",91311,34.25,-118.59,1,-3744.4,-341.6,41,121811,7.4342,59.8348
"203",91311,34.25,-118.59,1,1737.6666667,-201.1666667,60,86695,2.8517,39.9722
"204",91311,34.25,-118.59,1,969,259,56,47465,6.2364,16.7914
"205",91311,34.25,-118.59,1,-1802.9,-232,50,85406,8.6172,33.6957
"206",91311,34.25,-118.59,0,-1979.880952,181.66666667,51,86695,2.8517,39.9722
"207",91311,34.25,-118.59,1,-3944.384615,-447.0769231,58,86695,2.8517,39.9722
"208",91311,34.25,-118.59,1,-4140.384615,-447.0769231,76,68129,11.3584,28.7399
"209",91311,34.25,-118.59,1,-3594.5,-165,80,95180,6.4662,34.6576
"210",91311,34.25,-118.59,1,-1713.2,-306.2,48,47465,6.2364,16.7914
"211",91311,34.25,-118.59,1,-3897.8,-221.8,76,86695,2.8517,39.9722
"212",91311,34.25,-118.59,1,1166.7142857,0,22,86695,2.8517,39.9722
"213",91311,34.25,-118.59,1,-7418,-93,49,68129,11.3584,28.7399
"214",91311,34.25,-118.59,1,-410.2,-546.2,47,86695,2.8517,39.9722
"215",91311,34.25,-118.59,0,1342.1944444,238.72222222,40,85406,8.6172,33.6957
"216",91311,34.25,-118.59,1,-5009.428571,-413.7142857,47,47465,6.2364,16.7914
"217",91316,34.16,-118.52,1,-4345.75,183,76,70113,2.3576,47.8617
"218",91316,34.16,-118.52,1,1427.6,-341.6,45,41329,3.3067,34.3919
"219",91316,34.16,-118.52,1,-3523.833333,329,76,70113,2.3576,47.8617
"220",91316,34.16,-118.52,1,-7134.428571,73.857142857,48,96830,1.5181,46.1088
"221",91316,34.16,-118.52,1,-1364.8,-221.8,41,96830,1.5181,46.1088
"222",91316,34.16,-118.52,1,-1854.5,-4.333333333,63,121573,5.9832,54.5408
"223",91316,34.16,-118.52,1,-7221.75,335.875,71,96830,1.5181,46.1088
"224",91316,34.16,-118.52,1,-2585.2,-546.2,41,96830,1.5181,46.1088
"225",91316,34.16,-118.52,1,-2303.714286,-87.28571429,41,96830,1.5181,46.1088
"226",91321,34.38,-118.52,0,-323.2352941,218.41176471,71,68338,4.1561,30.4821
"227",91321,34.38,-118.52,0,-1881.736842,134.86842105,60,57597,3.3265,26.1289
"228",91321,34.38,-118.52,1,-5043.75,-48.5,61,57597,3.3265,26.1289
"229",91324,34.24,-118.55,1,-5762.714286,-122.1428571,50,63075,9.3609,34.0226
"230",91324,34.24,-118.55,1,902,-234.3333333,41,63075,9.3609,34.0226
"231",91324,34.24,-118.55,1,-901.625,-230.375,41,88235,5.9944,45.6829
"232",91324,34.24,-118.55,1,-2211,-119.875,41,63075,9.3609,34.0226
"233",91324,34.24,-118.55,1,-4399.909091,-131.1818182,47,63075,9.3609,34.0226
"234",91324,34.24,-118.55,1,-1787.625,-286.3125,41,60701,3.6487,22.0425
"235",91326,34.27,-118.55,1,-1396.2,639.8,57,137630,9.8771,50.9272
"236",91326,34.27,-118.55,1,-1019.714286,-106.5714286,40,98402,9.7261,59.7812
"237",91326,34.27,-118.55,1,1541.6666667,-201.1666667,41,140207,31.8675,55.4935
"238",91326,34.27,-118.55,1,-5713.307692,440.76923077,52,98402,9.7261,59.7812
"239",91326,34.27,-118.55,1,-2892.384615,-447.0769231,41,108917,18.2063,51.7813
"240",91326,34.27,-118.55,1,-2284.2,43.8,50,90207,20.8755,50.6552
"241",91326,34.27,-118.55,1,2165.7142857,616.71428571,63,101214,27.06,52.7964
"242",91331,34.25,-118.42,1,4289.5555556,-91.11111111,41,63654,0,0
"243",91331,34.25,-118.42,1,-3880.25,0,41,45833,17.3295,11.4187
"244",91331,34.25,-118.42,0,888.37037037,100.33333333,69,32343,2.6423,10.4072
"245",91331,34.25,-118.42,0,-3374.866667,-554.6666667,50,47382,5.0586,10.5899
"246",91335,34.2,-118.54,1,4181,520.25,43,60895,13.5784,17.0956
"247",91335,34.2,-118.54,0,-4017.810811,210.10810811,76,58750,8.1343,21.0587
"248",91335,34.2,-118.54,1,-1004.769231,-339.1538462,41,58750,8.1343,21.0587
"249",91335,34.2,-118.54,1,-1498.625,-788.5,47,57903,12.0395,23.2051
"250",91335,34.2,-118.54,1,1745.6666667,-359.3333333,37,44643,2.5,22.695
"251",91335,34.2,-118.54,1,544.375,112.625,35,45962,13.5929,23.8066
"252",91335,34.2,-118.54,1,-6607.777778,-180.8888889,76,57039,3.591,26.5847
"253",91335,34.2,-118.54,1,-6440.25,471,53,59430,0,16.9892
"254",91335,34.2,-118.54,1,1845.8333333,-33.5,47,55699,6.7061,18.488
"255",91335,34.2,-118.54,1,-6226,-344,47,45962,13.5929,23.8066
"256",91340,34.29,-118.44,1,-5242.444444,-91.11111111,78,38529,0,2.0864
"257",91340,34.29,-118.44,0,-276.25,140.69230769,50,59777,0.6569,8.3673
"258",91342,34.31,-118.43,1,-1470.333333,-359.3333333,47,60714,5.5008,8.2667
"259",91342,34.31,-118.43,0,-2527.577778,165.95555556,26,30850,1.3949,6.031
"260",91342,34.31,-118.43,1,-4733.692308,-216.2307692,72,75000,0.9312,18.8119
"261",91342,34.31,-118.43,1,-6366.2,-143.6,45,37234,4.7024,14.0694
"262",91343,34.24,-118.49,1,989,872.25,72,71429,10.1826,26.0349
"263",91343,34.24,-118.49,1,-4387.428571,560.28571429,71,67123,7.0386,18.7671
"264",91343,34.24,-118.49,1,-4048.714286,-106.5714286,41,70936,7.4614,19.4019
"265",91343,34.24,-118.49,1,180.69230769,-276.2307692,41,88571,10.2433,38.0297
"266",91343,34.24,-118.49,1,-2869.375,-607.5,50,54124,11.0224,24.5
"267",91343,34.24,-118.49,0,-1984.095238,-111.4047619,53,74668,4.2553,29.435
"268",91343,34.24,-118.49,1,-4518.5,-120.1666667,41,59986,8.3101,32.1293
"269",91344,34.28,-118.5,1,-3255.5,-507.6666667,30,57990,7.0101,17.6046
"270",91344,34.28,-118.5,1,1054.1,-166.5,41,112024,18.498,56.0484
"271",91344,34.28,-118.5,1,-3616.125,-501.625,65,45759,10.0664,32.1843
"272",91344,34.28,-118.5,1,1424.6428571,-200,41,78125,3.4501,27.1123
"273",91345,34.26,-118.46,0,-1828.390244,50.926829268,68,48929,10.4979,19.5122
"274",91345,34.26,-118.46,0,858.23684211,217.60526316,68,57104,7.2456,15.6288
"275",91350,34.48,-118.45,0,-202.745098,238.74509804,64,24467,21.4116,6.801
"276",91350,34.47,-118.47,1,-5476.166667,-215.5,27,78176,5.1242,36.6558
"277",91350,34.47,-118.47,1,-234.3333333,-117.6666667,47,78176,5.1242,36.6558
"278",91350,34.47,-118.47,1,4990.3333333,-126.1666667,43,72153,3.9786,25.5397
"279",91350,34.47,-118.47,1,232.875,-121.625,39,78502,6.7648,42.049
"280",91350,34.47,-118.47,1,3661.7142857,-230.2857143,43,78950,4.5752,26.8085
"281",91350,34.47,-118.47,1,-2466.777778,-180.8888889,41,78176,5.1242,36.6558
"282",91350,34.47,-118.47,0,-1770.339623,123.18867925,70,63386,3.9445,24.9022
"283",91350,34.48,-118.45,0,160.73333333,135.63333333,46,71809,5.1501,21.5569
"284",91350,34.48,-118.45,1,-593,-241.5714286,47,78176,5.1242,36.6558
"285",91351,34.43,-118.45,1,-4361.857143,981.42857143,47,69935,2.519,24.6117
"286",91351,34.43,-118.45,1,480.4,-235,41,77517,3.2633,28.5109
"287",91351,34.43,-118.45,1,-6562.555556,515.33333333,45,55123,2.7115,22.3501
"288",91351,34.43,-118.45,1,-4803,-234.3333333,41,57597,3.3265,26.1289
"289",91351,34.43,-118.45,1,-1070.857143,-202.4285714,41,77517,3.2633,28.5109
"290",91351,34.43,-118.45,0,-4099.390244,-431.6829268,61,69935,2.519,24.6117
"291",91351,34.43,-118.45,1,-1990.846154,-110.4615385,41,69935,2.519,24.6117
"292",91351,34.43,-118.45,1,-4556.846154,207.53846154,36,59447,4.1901,21.1781
"293",91351,34.43,-118.45,1,-1659.2,-546.2,42,55123,2.7115,22.3501
"294",91352,34.22,-118.38,1,-3412,-301.4,47,57813,0,8.4567
"295",91352,34.22,-118.38,0,1604.6,-244.45,53,79329,11.1192,30.6138
"296",91352,34.22,-118.38,1,-3028.166667,-33.5,41,33974,12.8046,16.5756
"297",91354,34.45,-118.54,1,-6070.166667,-733,32,78555,5.0759,29.6997
"298",91354,34.45,-118.54,1,-4739.5,137,36,78555,5.0759,29.6997
"299",91354,34.44,-118.54,1,1145.8,-143.6,47,78555,5.0759,29.6997
"300",91355,34.4,-118.55,1,-3710.333333,-196,47,76180,5.0959,40.2416
"301",91355,34.4,-118.55,1,-4447,67.666666667,21,86913,4.2152,48.2743
"302",91355,34.4,-118.55,1,-1250.2,-306.2,47,80895,2.9374,48.8994
"303",91355,34.4,-118.55,1,-3327,-282.3333333,41,86913,4.2152,48.2743
"304",91355,34.4,-118.55,1,-7670,-26,24,80913,4.343,43.5137
"305",91356,34.16,-118.55,1,2974,-301.4,41,135484,4.5393,59.1959
"306",91356,34.16,-118.55,1,2697.7142857,-63,41,40531,4.6408,41.3147
"307",91356,34.16,-118.55,1,-1557.428571,-147.7142857,47,135484,4.5393,59.1959
"308",91356,34.16,-118.55,1,-3813.833333,-76,36,77344,3.9886,38.4507
"309",91356,34.16,-118.55,1,1040.3,-369.2,41,56250,5.0896,29.309
"310",91356,34.16,-118.55,1,-797.8571429,-202.4285714,37,133333,2.7531,59.051
"311",91361,34.14,-118.82,1,3014,-56.75,47,96121,0,53.8462
"312",91361,34.14,-118.82,1,3736.2857143,401.85714286,44,84966,5.7851,46.5278
"313",91361,34.15,-118.83,1,-826.4,322.4,71,95819,1.5269,48.7377
"314",91361,34.15,-118.83,1,-198,-165.75,70,108511,2.1831,55.5661
"315",91361,34.15,-118.83,1,-3340.5,-280.3333333,20,88542,1.0989,36.5617
"316",91361,34.15,-118.83,1,3772,0,41,71580,3.863,54.1261
"317",91361,34.15,-118.83,1,2066.4444444,-19.66666667,31,95819,1.5269,48.7377
"318",91361,34.15,-118.83,1,-3984.9,-166.5,58,137662,16.647,49.8596
"319",91361,34.15,-118.83,1,1168,-234.3333333,71,95819,1.5269,48.7377
"320",91361,34.15,-118.83,1,-7716.375,-376.5,53,95819,1.5269,48.7377
"321",91361,34.15,-118.83,1,-3721.857143,-219.2142857,41,56341,0,38.1257
"322",91361,34.14,-118.82,1,1232.6428571,-200,61,78026,3.7241,41.448
"323",91361,34.14,-118.82,1,1661.6428571,31,61,95819,1.5269,48.7377
"324",91361,34.15,-118.83,1,-4907.8,-541.3,74,95819,1.5269,48.7377
"325",91361,34.14,-118.82,1,-5691,458.66666667,68,88542,1.0989,36.5617
"326",91361,34.14,-118.82,1,-4977.75,-365.125,21,83304,0.8584,51.1725
"327",91361,34.14,-118.82,1,3506.7272727,-1.454545455,54,71580,3.863,54.1261
"328",91361,34.14,-118.82,1,-5083.166667,-33.5,47,108511,2.1831,55.5661
"329",91361,34.14,-118.82,1,-4861.538462,-102.7692308,63,104412,10.1256,69.7816
"330",91361,34.14,-118.82,1,-2074.909091,70.818181818,69,101103,2.3471,54.8017
"331",91364,34.16,-118.6,1,-978.2,-215.2,25,66748,6.8697,38.9442
"332",91364,34.16,-118.6,1,3335,-142.4,47,96983,3.8994,53.8949
"333",91364,34.16,-118.6,1,2789,-80.66666667,60,65669,3.2895,32.9643
"334",91364,34.16,-118.6,1,5053.5,564,76,112609,4.0861,50.8597
"335",91364,34.16,-118.6,1,557.66666667,833,56,145149,1.1932,53.2594
"336",91364,34.16,-118.6,1,-3791.9,-166.5,41,134032,5.7069,53.9307
"337",91364,34.16,-118.6,1,-4854.444444,-91.11111111,30,105102,4.8507,58.2456
"338",91364,34.16,-118.6,1,-5610.833333,-118.0833333,74,83082,3.2875,47.5501
"339",91364,34.16,-118.6,1,2541,220,57,105102,4.8507,58.2456
"340",91364,34.16,-118.6,1,-5797.75,-48.5,41,97816,5.4589,45.394
"341",91364,34.16,-118.6,1,-3982.846154,-110.4615385,74,105102,4.8507,58.2456
"342",91364,34.16,-118.6,1,1958.8,-546.2,41,71339,1.2994,34.6877
"343",91364,34.16,-118.6,1,3864,161.125,76,97816,5.4589,45.394
"344",91364,34.16,-118.6,1,-6633.166667,1132.5,57,82981,4.1667,57.2663
"345",91367,34.18,-118.62,1,3194.8,-215.2,47,98478,3.9169,51.1996
"346",91367,34.18,-118.62,0,-4683.960784,263.98039216,54,59907,3.0985,54.9164
"347",91367,34.18,-118.62,1,-1499,507.25,69,94743,5.2874,42.3886
"348",91367,34.18,-118.62,1,-554.7142857,68.857142857,66,68324,9.6215,53.886
"349",91367,34.18,-118.62,1,-4326.714286,441.85714286,74,33984,3.2713,36.2239
"350",91367,34.18,-118.62,1,1220.1666667,-335,41,110606,7.7558,45.3326
"351",91367,34.18,-118.62,1,-2876,-255.5,24,52652,5.0435,46.7089
"352",91367,34.18,-118.62,1,605,-165.75,41,59907,3.0985,54.9164
"353",91367,34.18,-118.62,1,-6122.428571,-222.1428571,52,110606,7.7558,45.3326
"354",91367,34.18,-118.62,1,-5363.8,-170.4,59,110606,7.7558,45.3326
"355",91367,34.18,-118.62,1,-8086.285714,467,64,82245,3.5666,40.8759
"356",91367,34.18,-118.62,1,-2025.75,222.5,65,85345,6.9073,47.7824
"357",91367,34.18,-118.62,1,-5067,-241.5714286,57,72794,6.6204,33.2494
"358",91367,34.18,-118.62,1,-2834.2,168.4,63,70417,4.0724,39.5448
"359",91367,34.18,-118.62,1,1265.5,-147.25,47,98478,3.9169,51.1996
"360",91367,34.18,-118.62,1,-2305.428571,-142.7142857,65,82245,3.5666,40.8759
"361",91377,34.17,-118.76,1,-3891.833333,362,40,88288,8.9576,50.3075
"362",91377,34.17,-118.76,1,501,-255.5,33,88288,8.9576,50.3075
"363",91377,34.17,-118.76,1,-4142.285714,134.42857143,45,85185,1.811,49.0408
"364",91377,34.17,-118.76,1,-948.2222222,-169.7777778,66,88288,8.9576,50.3075
"365",91377,34.17,-118.76,1,-3198.625,860.625,72,88288,8.9576,50.3075
"366",91377,34.17,-118.76,1,-4679.333333,87.6,43,88288,8.9576,50.3075
"367",91377,34.17,-118.76,1,-6507.9,-59.5,45,88288,8.9576,50.3075
"368",91377,34.17,-118.76,0,-2159.8,216.325,63,88288,8.9576,50.3075
"369",91377,34.17,-118.76,1,-2954.75,-365.125,43,88288,8.9576,50.3075
"370",91377,34.17,-118.76,1,-3066.75,-48.5,53,88288,8.9576,50.3075
"371",91377,34.17,-118.76,1,-3768,-241.5714286,41,88288,8.9576,50.3075
"372",91377,34.17,-118.76,1,-2250.846154,-110.4615385,58,88288,8.9576,50.3075
"373",91377,34.17,-118.76,1,-3051.2,-546.2,53,88288,8.9576,50.3075
"374",91381,34.38,-118.58,1,1280.875,-164.875,36,87727,4.9399,44.4637
"375",91381,34.38,-118.58,1,127.66666667,-304.3333333,41,87727,4.9399,44.4637
"376",91381,34.38,-118.58,1,-2016,207.125,61,87727,4.9399,44.4637
"377",91384,34.47,-118.64,0,1030.4117647,-176.6666667,43,50500,5.6864,16.8838
"378",91384,34.15,-118.76,1,-2273.428571,-40.71428571,31,70458,5.5856,24.0863
"379",91402,34.22,-118.44,1,-2979.6,-235,41,28855,10.0966,25.1029
"380",91402,34.22,-118.44,1,-7094.8,-221.8,51,45875,27.939,19.9725
"381",91403,34.15,-118.46,1,-4199,86.6,47,65565,2.4607,45.1016
"382",91403,34.15,-118.46,1,2733.5555556,88.444444444,79,25752,2.364,20.5428
"383",91403,34.15,-118.46,0,-156.0175439,-248.4912281,55,38750,1.5933,40.2492
"384",91403,34.15,-118.46,1,-375.8,-541.3,41,123266,4.2761,60.8974
"385",91403,34.15,-118.46,1,-3704.857143,-202.4285714,25,65565,2.4607,45.1016
"386",91403,34.15,-118.46,1,-6046.2,-143.6,60,63365,2.0476,47.188
"387",91405,34.2,-118.45,1,-6187.384615,-136.0769231,59,38849,8.4478,40.0381
"388",91405,34.2,-118.45,0,-3955.618182,109.6,47,30633,7.8174,21.4222
"389",91406,34.2,-118.49,0,397.18918919,102.10810811,76,71507,0,26.8769
"390",91406,34.2,-118.49,0,-3763.971429,-251.6857143,43,68353,8.2076,31.0559
"391",91406,34.2,-118.49,1,-2654.428571,139.85714286,75,66518,0.4216,35.1716
"392",91406,34.2,-118.49,0,-4317.880952,-713.3333333,29,48764,3.0581,29.4798
"393",91406,34.2,-118.49,1,-1507.153846,-226.3076923,40,47571,6.3529,14.0987
"394",91406,34.2,-118.49,1,-2253.2,-143.6,41,54701,9.8084,10.4666
"395",91423,34.15,-118.43,1,-4598.714286,706.85714286,55,109545,0,65.76
"396",91423,34.15,-118.43,1,-245.2857143,303,47,58553,2.5794,33.3756
"397",91423,34.15,-118.43,1,2479,-80.66666667,41,40930,8.1225,30.7692
"398",91423,34.15,-118.43,1,-854.3333333,-201.1666667,35,64974,2.2189,47.0165
"399",91423,34.15,-118.43,0,-6482.588235,170.33333333,40,56458,1.6335,44.9795
"400",91423,34.15,-118.43,1,-3784.8,-170.4,47,43442,3.9468,41.5775
"401",91423,34.15,-118.43,1,-584.8,-170.4,80,44614,1.3866,37.2689
"402",91423,34.15,-118.43,1,4698.6666667,-359.3333333,47,67262,0.6969,34.9603
"403",91423,34.15,-118.43,1,-1477.7,-369.2,41,40816,9.1618,29.9748
"404",91423,34.15,-118.43,1,292.3,-369.2,41,49311,3.6454,43.9051
"405",91436,34.15,-118.49,1,-3744.428571,-222.1428571,41,149565,2.5405,63.3071
"406",91436,34.15,-118.49,1,-5242.714286,-184,47,150000,3.6747,61.7599
"407",91436,34.15,-118.49,0,-7016.73913,244.82608696,48,105233,0.8648,53.9063
"408",91436,34.15,-118.49,1,-5313.285714,-230.2857143,43,128279,0.8547,65.411
"409",91436,34.15,-118.49,1,-5737.8,-228.3,28,109298,3.9418,51.9558
"410",91436,34.15,-118.49,1,-5106.692308,101.76923077,49,150000,3.4483,59.2244
"411",91436,34.15,-118.49,1,4656.8,-546.2,47,118820,6.7006,58.642
"412",91436,34.15,-118.49,1,-7280.714286,171.71428571,57,150000,3.4483,59.2244
"413",91501,34.19,-118.3,1,-3546.166667,-215.5,41,39154,6.6536,30.6297
"414",91501,34.19,-118.3,1,-2327,-282.3333333,41,49559,14.5769,29.9482
"415",91504,34.2,-118.33,1,2175,-205.2727273,59,37103,6.1014,24.0618
"416",91504,34.2,-118.33,1,-3044.307692,-276.2307692,60,37103,6.1014,24.0618
"417",91504,34.2,-118.33,0,-2202.74,-269.98,41,95320,12.2791,43.172
"418",91505,34.17,-118.34,1,1323,-56.75,47,59806,2.2374,35.3846
"419",91505,34.17,-118.34,1,1079.6923077,-276.2307692,60,45154,3.0392,19.778
"420",91505,34.17,-118.34,1,1410.6666667,-359.3333333,47,51269,2.6503,41.1344
"421",91506,34.17,-118.33,1,-3593.285714,-63,57,51250,13.6842,13.9847
"422",91506,34.17,-118.33,1,310.5,-165,41,42500,2.9947,22.8731
"423",91506,34.17,-118.33,0,-1299.111111,282.59259259,40,54773,3.4047,13.3975
"424",91601,34.17,-118.37,1,3509.25,-209,41,30955,7.2922,37.3637
"425",91601,34.17,-118.37,0,-2003.068966,218.24137931,55,35252,5.0175,42.5587
"426",91601,34.17,-118.37,1,-5688.714286,-184,41,31615,8.8114,21.152
"427",91601,34.17,-118.37,1,-1484.6,-416,73,69965,4.6016,39.3519
"428",91601,34.17,-118.37,1,-957,-119.875,41,43929,2.6295,33.6085
"429",91602,34.15,-118.37,1,-725.4285714,-147.7142857,52,48100,0.7194,39.726
"430",91602,34.15,-118.37,1,-2159.5,-187.5,39,39934,3.1923,24.537
"431",91602,34.15,-118.37,0,-5882,110.5,36,44335,0.8378,36.3441
"432",91602,34.15,-118.37,1,330.375,-788.5,41,43929,2.6295,33.6085
"433",91602,34.15,-118.37,1,996.38461538,-345.2307692,41,57304,0,44.641
"434",91602,34.15,-118.37,1,-5747.833333,-118.0833333,41,37727,7.5109,31.1016
"435",91602,34.15,-118.37,0,-3062.62963,100.33333333,25,49599,3.1746,55.1347
"436",91604,34.14,-118.4,1,-652,616.6,66,80386,1.3619,42.7184
"437",91604,34.14,-118.4,1,-3404.285714,-149,47,57699,1.1935,36.7257
"438",91604,34.14,-118.4,1,-1987.285714,271,47,66196,2.5911,45.9402
"439",91604,34.14,-118.4,1,-2598.285714,-63,41,53426,0.8949,44.2164
"440",91604,34.14,-118.39,1,-1888.428571,-147.7142857,38,61128,1.1364,51.2784
"441",91604,34.14,-118.39,1,-6525.6,70,63,126966,2.5126,54.8727
"442",91604,34.14,-118.39,1,1240,-234.3333333,51,57699,1.1935,36.7257
"443",91604,34.14,-118.4,1,-4659.285714,-230.2857143,41,43804,6.8456,47.9141
"444",91604,34.14,-118.39,1,3148.7142857,-230.2857143,27,64218,0.9732,35.8594
"445",91604,34.14,-118.39,1,2770.5,496.83333333,76,61128,1.1364,51.2784
"446",91604,34.14,-118.39,0,-4694.25,199.07142857,40,38882,0.6842,45.3608
"447",91604,34.14,-118.4,1,-5012.714286,246.71428571,52,61128,1.1364,51.2784
"448",91604,34.14,-118.4,1,-3501.714286,264.71428571,45,87148,6.2667,51.2953
"449",91605,34.21,-118.4,1,-2970.166667,-733,70,65527,24.0623,28.3416
"450",91605,34.21,-118.4,1,-2096.272727,-272.4545455,41,37935,12.1687,27.2374
"451",91606,34.19,-118.39,1,-4543.714286,-106.5714286,41,47900,4.8699,25.2427
"452",91606,34.19,-118.39,1,7313.1428571,57.571428571,24,28214,2.9818,14.0969
"453",91606,34.19,-118.39,1,-3387.9,733.5,77,46196,2.409,30.3254
"454",91606,34.19,-118.39,1,-1238.909091,1200.8181818,62,37716,8.4654,18.8141
"455",91607,34.17,-118.4,1,964.5,-128.5,41,73288,4.3478,45.6044
"456",91607,34.17,-118.4,0,213.76923077,-4.711538462,80,66196,2.5911,45.9402
"457",91607,34.17,-118.4,1,-278.5555556,-278.6666667,41,41802,3.8438,43.058
"458",91607,34.17,-118.4,1,-193.3846154,-447.0769231,41,28099,6.9829,28.5714
"459",91607,34.17,-118.4,1,-986.6153846,-345.2307692,74,145703,5.1045,59.2593
"460",91607,34.17,-118.4,1,-4238.285714,0,41,42230,1.9576,25.3654
"461",91607,34.17,-118.4,1,-4900.25,-86.75,50,47330,2.8512,26.825
"462",91701,34.13,-117.59,0,-2180.75,-194.4583333,50,57744,5.2503,18.0899
"463",91701,34.13,-117.59,1,-5582.125,542.125,51,83486,3.6322,33.3751
"464",91701,34.13,-117.59,0,-352.74,-165.98,29,57744,5.2503,18.0899
"465",91701,34.13,-117.59,1,-10557.8,-221.8,41,57744,5.2503,18.0899
"466",91701,34.13,-117.59,1,402.14285714,-202.4285714,47,74658,7.7105,28.2599
"467",91701,34.13,-117.59,1,-5500.692308,-216.2307692,50,64815,10.5625,31.8441
"468",91701,34.13,-117.59,0,715.13333333,212.33333333,60,48254,2.4771,22.2315
"469",91702,34.13,-117.91,1,-4247.75,167,26,51020,7.8801,27.2993
"470",91702,34.13,-117.91,1,-3728.285714,23.285714286,22,48525,0,10.7994
"471",91702,34.13,-117.91,1,-5296.8,353.7,33,51020,7.8801,27.2993
"472",91709,34,-117.71,1,3742.8333333,4.5,47,79100,11.7084,28.3213
"473",91709,34,-117.71,1,-160.3333333,-117.6666667,58,99862,0,62.0791
"474",91709,34,-117.71,1,-4738,43.5,47,85896,14.2546,38.6492
"475",91709,34,-117.71,1,-2106,82.5,42,79449,25.2381,43.6646
"476",91709,34,-117.71,1,4602,-165.75,51,79449,25.2381,43.6646
"477",91709,34,-117.71,0,-6391.212121,-227.7575758,38,79100,11.7084,28.3213
"478",91709,34,-117.71,1,-5913.307692,31.769230769,38,79100,11.7084,28.3213
"479",91709,34,-117.71,1,-4682.5,140,27,79100,11.7084,28.3213
"480",91709,33.98,-117.73,1,-1221.285714,0,41,85896,14.2546,38.6492
"481",91709,34,-117.71,1,-746,-93,21,85896,14.2546,38.6492
"482",91709,33.98,-117.73,1,-6359.888889,-13.33333333,64,79449,25.2381,43.6646
"483",91710,34.01,-117.69,0,-2379.837838,38.162162162,69,40364,0.2555,6.1325
"484",91710,34.01,-117.69,1,-5305.444444,125.44444444,45,33645,3.976,19.1606
"485",91710,34.01,-117.69,1,-7014.5,-86.75,24,46474,3.9283,15.0902
"486",91710,34.01,-117.69,1,3713,-234.3333333,47,68522,5.8054,19.6765
"487",91710,34.01,-117.69,1,-444.3846154,102.92307692,32,68522,5.8054,19.6765
"488",91710,34.01,-117.69,0,-1662.311111,157.17777778,66,65291,2.0332,11.5183
"489",91710,34.01,-117.69,0,-2248.74,-269.98,73,39432,3.7142,12.7006
"490",91710,34.01,-117.69,1,-5809,-315,41,62941,2.8003,9.1083
"491",91710,34.01,-117.69,1,-5809,-315,41,62941,2.8003,9.1083
"492",91711,34.11,-117.72,1,163,403.25,50,70621,4.778,50.2117
"493",91711,34.11,-117.72,1,1653.8333333,-215.5,41,74032,8.1429,61.8764
"494",91711,34.11,-117.72,0,331.02857143,-542.6857143,46,77750,1.0017,82.8326
"495",91711,34.11,-117.72,0,-2666.27451,197.05882353,40,74032,8.1429,61.8764
"496",91711,34.11,-117.72,1,-178.3333333,-359.3333333,41,60756,1.8861,40.6587
"497",91711,34.11,-117.72,1,-4682.5,140,61,79797,3.5025,53.1134
"498",91711,34.11,-117.72,1,-2074.714286,-184,53,74032,8.1429,61.8764
"499",91711,34.11,-117.72,1,-1978.888889,170.66666667,61,77750,1.0017,82.8326
"500",91719,33.86,-117.53,1,307.71428571,-230.2857143,41,63889,9.8524,25.6056
"501",91719,33.86,-117.53,1,-2038,-188.4545455,41,70625,0,21.9715
"502",91720,33.88,-117.59,1,-3473.4,-341.6,41,79382,23.569,37.6416
"503",91720,33.88,-117.59,1,-626.6666667,-126.1666667,41,68337,7.9508,31.2223
"504",91720,33.88,-117.59,1,420.1,42,48,79382,23.569,37.6416
"505",91720,33.88,-117.59,0,-3889.6,-334,49,68337,7.9508,31.2223
"506",91722,34.1,-117.91,1,-2949.285714,35.285714286,47,53642,2.9825,16.7719
"507",91722,34.1,-117.91,1,-8712,-315,41,51875,1.7453,10.434
"508",91722,34.1,-117.91,1,5881,356.125,43,61382,4.4939,19.7891
"509",91723,34.09,-117.89,1,2170,-234.3333333,41,66071,8.083,13.6063
"510",91723,34.09,-117.89,1,-3082.8,-170.4,41,39401,6.0204,13.624
"511",91723,34.09,-117.89,0,-2938.848485,-150.6363636,69,53438,6.1687,25.5605
"512",91723,34.09,-117.89,1,-5028,26.666666667,58,40703,3.404,11.8768
"513",91723,34.09,-117.89,1,-7006.5,889.66666667,43,59184,10.1231,29.8611
"514",91724,34.09,-117.86,1,-375.6666667,-126.1666667,41,50227,9.3627,22.0207
"515",91724,34.09,-117.86,1,-4557.625,47.625,49,66222,6.709,18.8219
"516",91730,34.11,-117.59,1,-4661,74.6,48,43593,7.222,25.957
"517",91730,34.11,-117.59,1,1508,-56.75,43,61262,3.1388,20.3998
"518",91730,34.11,-117.59,0,-859.2765957,-174.3617021,77,70506,1.2041,33.1144
"519",91730,34.11,-117.59,1,3237.8333333,-215.5,41,43593,7.222,25.957
"520",91730,34.11,-117.59,0,-2192.029412,-146.3235294,45,43593,7.222,25.957
"521",91730,34.11,-117.59,1,-3346.8,176.6,33,41025,6.4929,21.7084
"522",91730,34.11,-117.59,1,-1702.285714,-230.2857143,41,44000,4.0784,16.2795
"523",91730,34.11,-117.59,1,-75.18181818,307.09090909,38,43593,7.222,25.957
"524",91730,34.11,-117.59,1,3549.8,-546.2,41,64378,7.9814,27.5808
"525",91731,34.08,-118.04,1,-4755.5,117.5,43,49400,17.2753,12.1864
"526",91731,34.08,-118.04,1,-6498,-13,25,32381,9.1335,7.4627
"527",91732,34.07,-118.01,1,-3170.307692,1083.7692308,56,42975,14.2275,16.3728
"528",91732,34.07,-118.01,1,-6456.384615,-142.0769231,62,28631,3.7037,5.5767
"529",91732,34.07,-118.01,1,-4679.692308,69.769230769,52,34493,13.2473,19.0461
"530",91732,34.07,-118.01,1,-5740,44.428571429,34,43167,9.2218,14.0715
"531",91733,34.05,-118.05,0,1070.962963,-159.8518519,57,38235,12.1051,5.4441
"532",91733,34.05,-118.04,1,-778,317,37,25245,5.1513,9.203
"533",91737,34.15,-117.58,0,-9.4,-202.6666667,64,75158,14.1202,34.2443
"534",91737,34.15,-117.58,1,-2304,-18.45454545,29,76406,3.2231,29.3969
"535",91737,34.15,-117.58,0,3250.3243243,185.75675676,58,69955,6.5057,29.4838
"536",91739,34.13,-117.53,0,2081.0810811,234.91891892,50,108013,0,13.3556
"537",91739,34.13,-117.53,0,1536.8235294,43.264705882,65,62326,0,14.9481
"538",91741,34.14,-117.86,1,-168.1666667,-215.5,41,88031,5.4363,40.6091
"539",91741,34.14,-117.86,1,-2882.285714,-202.2857143,54,83470,5.7978,28.418
"540",91741,34.14,-117.86,1,-5016.333333,103.83333333,45,100629,5.8747,40.6936
"541",91741,34.14,-117.86,1,-1384.285714,14.714285714,41,94602,2.0553,36.1399
"542",91741,34.14,-117.86,1,-7316.2,-143.6,41,41917,2.2525,24.8262
"543",91744,34.03,-117.94,1,-4545.2,610.8,25,32763,7.3335,4.5292
"544",91744,34.03,-117.94,1,-1552.625,-230.375,19,48060,0,10.1329
"545",91745,34,-117.97,1,-89,833.25,67,76603,16.8352,37.0302
"546",91745,34,-117.97,1,-2430.285714,-63,47,80303,27.5923,43.2704
"547",91745,34,-117.97,1,-901.8333333,-335,37,93192,21.5657,39.4022
"548",91745,34,-117.97,1,-3727,865.5,48,64662,40.503,33.7492
"549",91745,34,-117.97,1,-4106,52.5,36,90069,27.7539,47.4342
"550",91745,34,-117.97,1,-4042.285714,-124.5714286,53,83263,35.0725,42.1903
"551",91745,34,-117.97,1,-1227.285714,150.71428571,42,86997,28.9338,43.3048
"552",91745,34,-117.97,1,-6115.5,414.66666667,74,82558,19.8337,35.236
"553",91745,34,-117.97,1,-4059.428571,118.85714286,50,48622,6.0496,12.6449
"554",91745,34,-117.97,1,-6162.5,734.25,55,81953,37.9812,48.5464
"555",91745,34,-117.97,1,-477.2857143,89.285714286,27,90069,27.7539,47.4342
"556",91745,34,-117.97,1,-5263.7,-369.2,55,64662,40.503,33.7492
"557",91745,34,-117.97,1,-4183.5,146,42,57908,13.1115,12.4571
"558",91745,34,-117.97,1,744.75,-194.25,76,76603,16.8352,37.0302
"559",91745,34,-117.97,1,-3586.428571,-440.1428571,49,86997,28.9338,43.3048
"560",91745,34,-117.97,1,-4060.428571,318.85714286,69,64662,40.503,33.7492
"561",91745,34,-117.97,1,-4319.5,140.75,45,57908,13.1115,12.4571
"562",91745,34,-117.97,1,-4660.538462,-102.7692308,53,64447,20.445,36.7647
"563",91745,34,-117.97,0,-857.1764706,345.26470588,53,82558,19.8337,35.236
"564",91746,34.05,-117.98,1,-5425.2,590.8,67,44590,3.2047,9.0909
"565",91746,34.05,-117.98,1,-3283.625,-468.5,70,40646,2.1388,5.6921
"566",91748,33.98,-117.9,1,-5585.285714,180.42857143,51,72196,26.5402,35.8357
"567",91748,33.98,-117.9,0,-1866.276596,-835.4893617,37,72196,26.5402,35.8357
"568",91748,33.98,-117.9,1,-1018.384615,-447.0769231,41,81953,37.9812,48.5464
"569",91748,33.98,-117.9,1,-3487.384615,-97.07692308,45,81953,37.9812,48.5464
"570",91748,33.98,-117.9,0,-2466.736842,-185.2368421,51,72196,26.5402,35.8357
"571",91748,33.98,-117.9,1,-8333.8,46.2,47,72196,26.5402,35.8357
"572",91748,33.98,-117.9,1,-5710.888889,-2.333333333,22,72196,26.5402,35.8357
"573",91748,33.98,-117.9,1,505,-119.875,24,39625,13.2816,17.3077
"574",91748,33.98,-117.9,1,-4418.5,140.75,24,42821,23.0083,21.5873
"575",91748,33.98,-117.9,1,-5249.166667,-33.5,73,63064,23.6327,19.0827
"576",91750,34.12,-117.77,1,-1401.333333,-117.6666667,47,89943,9.0684,41.3722
"577",91750,34.12,-117.77,1,857,-165.75,47,89943,9.0684,41.3722
"578",91750,34.12,-117.77,1,-1371.222222,-169.7777778,41,75600,5.561,36.5329
"579",91750,34.12,-117.77,0,-338.7777778,-213.6111111,42,33710,2.9338,26.8148
"580",91750,34.12,-117.77,1,-6672.333333,597.6,60,33710,2.9338,26.8148
"581",91750,34.12,-117.77,0,596.25,85,46,41284,9.3385,38.8962
"582",91750,34.12,-117.77,1,-7038,840,34,75600,5.561,36.5329
"583",91750,34.12,-117.77,1,-8870.538462,-102.7692308,41,75600,5.561,36.5329
"584",91755,34.05,-118.12,1,-4333.4,-45.6,49,69608,51.5548,38.1395
"585",91755,34.05,-118.12,1,-3678.555556,56.333333333,70,68519,47.8213,30.1887
"586",91755,34.05,-118.12,1,-4262.444444,143.44444444,44,25114,42.8653,18.2491
"587",91755,34.05,-118.12,1,-5488.444444,660.88888889,37,34823,58.2478,21.9512
"588",91755,34.05,-118.12,1,-4719.375,-287.5,71,57752,54.263,31.6035
"589",91755,34.05,-118.12,1,-3487.384615,-97.07692308,43,57752,54.263,31.6035
"590",91755,34.05,-118.12,1,-5662.7,-67.2,47,68519,47.8213,30.1887
"591",91755,34.05,-118.12,1,-5953.8,232.4,52,31959,52.5358,27.7264
"592",91755,34.05,-118.12,1,-2811.285714,-230.2857143,41,58708,38.4502,31.9553
"593",91755,34.05,-118.12,1,-4369,469.42857143,37,27973,57.2228,26.878
"594",91755,34.05,-118.12,1,-2596.2,-273.2,67,69608,51.5548,38.1395
"595",91755,34.05,-118.12,1,-6100.888889,-7.333333333,51,57752,54.263,31.6035
"596",91755,34.05,-118.12,1,-6566.888889,-15.33333333,67,58708,38.4502,31.9553
"597",91755,34.05,-118.12,1,-93.71428571,-87.28571429,41,57752,54.263,31.6035
"598",91761,34.04,-117.61,0,-5321.790698,-727.6046512,32,71963,6.3971,25.4024
"599",91761,34.04,-117.61,0,2032.4705882,141.58823529,37,56493,3.9748,22.3305
"600",91761,34.04,-117.61,0,2262.2222222,164.38888889,54,41445,0.7905,7.8255
"601",91761,34.04,-117.61,1,-6324.285714,0,41,26986,0,2.6076
"602",91761,34.04,-117.61,0,1849.0810811,-160.0810811,39,27564,0,27.5
"603",91762,34.06,-117.67,1,8.7142857143,-63,41,53328,7.4288,29.7565
"604",91762,34.06,-117.67,0,367.13333333,-333.6222222,69,44600,5.9642,19.7288
"605",91762,34.06,-117.67,0,-2069.918919,-122.0810811,42,42050,9.8058,9.25
"606",91762,34.06,-117.67,0,-4287.781818,201.50909091,42,31559,2.2282,24.9821
"607",91763,34.07,-117.7,1,-1091.9,166,63,41934,1.3082,10.2832
"608",91763,34.07,-117.7,0,185.50769231,230.81538462,64,41934,1.3082,10.2832
"609",91763,34.07,-117.7,0,-5757.48,-340.1,40,52741,7.2008,20.7497
"610",91763,34.07,-117.7,1,-1985.8,-541.3,34,37350,5.587,14.9064
"611",91764,34.08,-117.62,1,-3343.4,-341.6,41,58513,7.3462,16.9202
"612",91764,34.08,-117.62,1,-2708.166667,-33.5,41,30074,2.4638,11.0136
"613",91765,34,-117.82,1,-2498,-205.2727273,41,80794,17.9153,43.1466
"614",91765,34,-117.82,1,-3561.769231,-339.1538462,21,82214,30.6904,45.518
"615",91765,34,-117.82,1,-5495.375,-607.5,32,82214,30.6904,45.518
"616",91766,34.04,-117.75,1,3250.2307692,58.846153846,56,82214,30.6904,45.518
"617",91766,34.04,-117.75,1,-548.125,-67.625,69,27759,13.2378,4.3747
"618",91766,34.04,-117.75,1,-5723.384615,-447.0769231,41,34188,1.3102,1.4311
"619",91766,34.04,-117.75,1,-1437.857143,1.7857142857,42,78461,18.4525,44.557
"620",91766,34.04,-117.75,1,-4285.285714,535.71428571,68,43813,4.351,5.5253
"621",91766,34.08,-117.74,0,-2644.675676,-181.2432432,69,34684,5.2596,6.929
"622",91768,34.07,-117.77,0,2716.7027027,201.24324324,59,37308,1.0111,19.8529
"623",91768,34.07,-117.77,0,831.5,-156.5625,57,82380,8.7827,38.6399
"624",91770,34.06,-118.09,1,-6429.5,-437,41,43824,14.7331,15.7228
"625",91770,34.06,-118.09,1,-3905.5,-437,76,53704,48.4072,20.6506
"626",91770,34.06,-118.09,1,-627.2857143,-149,43,29160,32.1013,11.7955
"627",91770,34.06,-118.09,1,-4428.285714,321,66,37537,18.7409,19.2612
"628",91770,34.06,-118.09,1,-4895,132.5,37,43824,14.7331,15.7228
"629",91770,34.06,-118.09,1,-4051.285714,-202.2857143,68,66047,36.4596,30.0793
"630",91770,34.06,-118.09,1,-5224.5,108.5,47,29160,32.1013,11.7955
"631",91770,34.06,-118.09,1,-2396,293,38,48814,38.2767,30.8872
"632",91770,34.06,-118.09,1,-5314.555556,-278.6666667,41,66047,36.4596,30.0793
"633",91770,34.06,-118.09,1,-110.5555556,110.33333333,53,47128,29.2799,17.6505
"634",91770,34.06,-118.09,1,-1462.555556,411.33333333,50,48814,38.2767,30.8872
"635",91770,34.06,-118.09,1,-2023.307692,948.76923077,26,29661,21.6809,5.9805
"636",91770,34.06,-118.09,1,-5753.2,-10.2,58,36010,25.8049,11.0478
"637",91770,34.06,-118.09,1,-2149.181818,-287.9090909,41,47128,29.2799,17.6505
"638",91770,34.06,-118.09,1,-1766.181818,-287.9090909,47,47128,29.2799,17.6505
"639",91770,34.06,-118.09,1,-4037.9,218.5,38,29160,32.1013,11.7955
"640",91770,34.06,-118.09,1,-8690.25,276,35,32400,29.7091,5.8778
"641",91770,34.06,-118.09,1,-6282.272727,-272.4545455,41,24962,23.8033,6.8663
"642",91770,34.06,-118.09,1,-7997,-32,73,49063,36.4132,17.884
"643",91770,34.06,-118.09,1,4133.5,297.75,43,66047,36.4596,30.0793
"644",91773,34.1,-117.82,1,-2536.714286,-122.1428571,44,61000,5.7413,27.9316
"645",91773,34.1,-117.82,1,-2705.333333,470.66666667,42,59673,7.566,22.4625
"646",91773,34.1,-117.82,1,-12761.25,-498.75,41,61000,5.7413,27.9316
"647",91773,34.1,-117.82,0,-2195.90625,-82.84375,50,53810,6.0317,19.7323
"648",91775,34.11,-118.09,1,-5047.75,808,60,69572,3.1103,49.2492
"649",91775,34.11,-118.09,1,-4648.75,175,46,65625,18.9342,33.232
"650",91775,34.11,-118.09,1,-2404,351.25,47,61821,24.6904,43.1116
"651",91775,34.11,-118.09,1,-2623.166667,579.5,35,86719,16.2872,45.0746
"652",91775,34.11,-118.09,1,-2318,-172.5,47,64655,16.8712,33.3333
"653",91775,34.11,-118.09,1,-3933.4,-39.6,29,65625,18.9342,33.232
"654",91775,34.11,-118.09,1,-1639,809,42,44733,17.7419,29.5989
"655",91775,34.11,-118.09,1,-5128.9,478,49,76661,20.8519,50.6641
"656",91775,34.11,-118.09,1,596.2,-170.4,28,37214,28.0052,38.6037
"657",91775,34.11,-118.09,1,1051.2307692,-339.1538462,44,70132,19.102,38.9121
"658",91775,34.11,-118.09,1,-1542.769231,10.846153846,67,70132,19.102,38.9121
"659",91775,34.11,-118.09,1,-5649.8,-276.3,28,61821,24.6904,43.1116
"660",91775,34.11,-118.09,0,-6203.435897,169.56410256,24,61821,24.6904,43.1116
"661",91775,34.11,-118.09,1,-2480.857143,88.571428571,27,44733,17.7419,29.5989
"662",91775,34.11,-118.09,1,-3892.333333,383.5,69,79070,20.559,40.3593
"663",91775,34.11,-118.09,1,-1399,299,52,91250,16.0811,47.5648
"664",91775,34.11,-118.09,1,-7645.25,0,41,79070,20.559,40.3593
"665",91775,34.11,-118.09,0,-2728,278.78125,48,67317,27.5622,46.7742
"666",91775,34.11,-118.09,1,-357,588.125,70,37214,28.0052,38.6037
"667",91776,34.09,-118.1,1,-4253,82.6,23,46165,23.7372,14.882
"668",91776,34.09,-118.1,1,-800.5,416,45,46165,23.7372,14.882
"669",91776,34.09,-118.1,1,-2610.166667,657.5,53,31163,40.3772,23.5241
"670",91776,34.09,-118.1,1,-507.1666667,-733,50,60147,31.1669,26.7299
"671",91776,34.09,-118.1,0,-4851.492308,230.81538462,20,88920,27.7241,60.0917
"672",91776,34.09,-118.1,1,-4491.181818,1.0909090909,40,40213,22.009,18.3428
"673",91776,34.09,-118.1,1,995.16666667,242.91666667,47,60147,31.1669,26.7299
"674",91776,34.09,-118.1,1,-1940.833333,-118.0833333,56,38833,44.2997,31.8182
"675",91776,34.09,-118.1,0,-2068.090909,129.90909091,42,60147,31.1669,26.7299
"676",91776,34.09,-118.1,1,146.72727273,52.545454545,38,30802,20.6551,22.8054
"677",91776,34.09,-118.1,1,-4959.538462,-102.7692308,63,33425,32.906,17.9487
"678",91776,34.09,-118.1,0,-892.8055556,238.72222222,78,32151,43.5352,21.4079
"679",91780,34.1,-118.05,1,563,-56.75,63,34402,5.5417,21.3725
"680",91780,34.1,-118.05,1,-4529.285714,620,48,41500,10.0469,28.8076
"681",91780,34.1,-118.05,1,97.142857143,-236.5714286,47,38621,14.6693,12.8585
"682",91780,34.1,-118.05,1,-4366.428571,702.85714286,42,59958,12.8745,35.1499
"683",91780,34.1,-118.05,1,-6399.222222,135.22222222,31,52315,13.6276,26.6827
"684",91780,34.1,-118.05,1,-3268.307692,-276.2307692,45,63861,19.4166,28.0867
"685",91780,34.1,-118.05,1,-689.8,-170.4,41,56322,32.7745,27.9586
"686",91780,34.1,-118.05,1,-2255.333333,380.66666667,55,49281,19.4067,21.5708
"687",91780,34.1,-118.05,0,-723.3396226,-127.8113208,71,55603,20.4828,31.871
"688",91780,34.1,-118.05,0,-3218.545455,253.60606061,50,40081,17.4353,24.3902
"689",91780,34.1,-118.05,1,-5450.692308,59.769230769,44,65217,15.6938,27.2362
"690",91780,34.1,-118.05,1,-6792.2,124.4,47,52315,13.6276,26.6827
"691",91780,34.1,-118.05,1,-11577.25,157.25,74,65217,15.6938,27.2362
"692",91784,34.14,-117.66,1,-1876.6,-235,41,81936,7.0875,42.5856
"693",91784,34.14,-117.66,1,1148.4444444,-278.6666667,60,110000,16.2348,46.1735
"694",91784,34.14,-117.66,1,-4214.444444,-170.5555556,41,87277,15.8773,42.3921
"695",91784,34.14,-117.66,1,-5827.9,123.5,52,94394,16.8736,60.5932
"696",91784,34.14,-117.66,1,-4580.5,-86.75,41,1e+05,17.3694,61.5094
"697",91784,34.14,-117.66,1,-2933.7,-369.2,52,81069,0,31.3574
"698",91786,34.1,-117.66,0,253.96153846,189.53846154,78,92208,2.805,33.6921
"699",91786,34.1,-117.66,1,-2503.166667,-215.5,41,74883,0,25.7656
"700",91786,34.1,-117.66,0,-2236.212121,-164.7575758,65,31559,2.2282,24.9821
"701",91786,34.1,-117.66,1,-5827.307692,-276.2307692,41,68648,11.7037,30.3738
"702",91786,34.1,-117.66,1,-3526,244,29,32803,0,16.5447
"703",91786,34.1,-117.66,0,2107.6470588,34.784313725,52,31559,2.2282,24.9821
"704",91786,34.1,-117.66,1,-5580.166667,-33.5,41,81936,7.0875,42.5856
"705",91789,34.02,-117.86,1,-4446.75,586,69,78998,15.929,30.2896
"706",91789,34.02,-117.86,1,-2767.571429,1050.2857143,48,63731,15.5266,29.3789
"707",91789,34.02,-117.86,1,-6398.6,-235,37,83609,35.8229,43.0798
"708",91789,34.02,-117.86,1,-4870.307692,480.76923077,38,78998,15.929,30.2896
"709",91789,34.02,-117.86,1,-3117.333333,-39.33333333,44,83609,35.8229,43.0798
"710",91789,34.02,-117.86,1,-2585.875,-351.125,35,83609,35.8229,43.0798
"711",91789,34.02,-117.86,1,-7788.6,-156,32,83558,28.9245,46.9513
"712",91789,34.02,-117.86,1,-3857.777778,144.11111111,63,68039,8.2018,22.2368
"713",91789,34.02,-117.86,1,-2007.9,244.5,52,83558,28.9245,46.9513
"714",91789,34.02,-117.86,1,-5537.25,-498.75,41,87410,37.2634,46.6871
"715",91790,34.06,-117.94,1,-2396.714286,-106.5714286,32,44466,16.3098,16.0138
"716",91790,34.06,-117.94,1,849.375,-788.5,30,56168,4.8122,8.7971
"717",91790,34.06,-117.94,0,2916.5,-233.5625,62,72396,6.3117,19.7072
"718",91790,34.06,-117.94,1,-8944.8,-221.8,35,48513,7.2797,16.6249
"719",91790,34.06,-117.94,1,-4163,102.54545455,39,52146,11.0277,23.4899
"720",91790,34.06,-117.94,0,-4.185185185,289.22222222,73,44466,16.3098,16.0138
"721",91790,34.06,-117.94,0,17.454545455,253.60606061,50,67593,14.3646,18.2313
"722",91790,34.06,-117.94,1,-6555.428571,-138.7142857,43,42582,12.2877,25.7611
"723",91791,34.06,-117.9,1,51.25,697,27,42559,5.5773,23.7069
"724",91791,34.06,-117.9,1,-2231.285714,263,25,58197,4.7593,22.7564
"725",91791,34.06,-117.9,1,-3796.714286,213.42857143,44,65259,20.3392,29.7035
"726",91791,34.06,-117.9,1,943.83333333,-733,41,65259,20.3392,29.7035
"727",91791,34.06,-117.9,0,-1342,-872.5,42,60227,15.5061,22.504
"728",91791,34.06,-117.9,1,-778.3333333,-359.3333333,41,53963,10.0084,14.9912
"729",91791,34.06,-117.9,1,-2983.153846,90.692307692,61,61639,19.6485,28.5577
"730",91792,34.02,-117.9,1,-2937,339.25,54,65259,20.3392,29.7035
"731",91792,34.02,-117.9,1,1141.6666667,-196,55,40054,16.9195,22.7402
"732",91792,34.02,-117.9,1,-4250.857143,-236.5714286,41,61639,19.6485,28.5577
"733",91792,34.02,-117.9,1,-5132.333333,6.6666666667,26,66530,34.008,39.4442
"734",91792,34.02,-117.9,1,-6808.333333,139.6,41,65259,20.3392,29.7035
"735",91792,34.02,-117.9,1,-773.2857143,0,41,66530,34.008,39.4442
"736",91792,34.02,-117.9,1,-2774.692308,92.769230769,57,66530,34.008,39.4442
"737",91803,34.07,-118.15,1,-3236.5,-437,41,41190,32.9513,23.1522
"738",91803,34.07,-118.15,1,1313.7777778,-317,47,25921,39.8881,20.4156
"739",91803,34.07,-118.15,1,-3516.285714,254,24,42850,19.6747,15.873
"740",91803,34.07,-118.15,1,-321.4,1532.4,70,43507,32.6125,28.4832
"741",91803,34.07,-118.15,1,-2160.5,156.5,47,38808,15.515,26.7327
"742",91803,34.07,-118.15,1,-1709,305,42,31740,34.5238,29.2092
"743",91803,34.07,-118.15,1,-1364.285714,-287.7142857,42,35965,40.1766,24.3851
"744",91803,34.07,-118.15,0,-2258.74,-169.98,50,51297,14.2794,23.4234
"745",91803,34.07,-118.15,0,-4826.645833,-95.20833333,21,42850,19.6747,15.873
"746",91803,34.07,-118.15,1,-2902.181818,225.09090909,30,32460,35.4768,27.3038
"747",91803,34.07,-118.15,1,1200.8461538,142.69230769,47,62019,2.7195,37.5749
"748",91803,34.07,-118.15,1,-910.3333333,-22.5,31,35965,40.1766,24.3851
"749",91803,34.07,-118.15,1,-1655.333333,979.5,28,41190,32.9513,23.1522
"750",91803,34.07,-118.15,1,-5592,84.545454545,29,50179,26.8226,35.2851
"751",91803,34.07,-118.15,1,-7235,-282.3333333,41,31740,34.5238,29.2092
"752",91803,34.07,-118.15,1,-4153.333333,-110.6666667,48,33871,21.9157,15.6566
"753",91803,34.07,-118.15,1,-5681.25,317,52,43507,32.6125,28.4832
"754",91803,34.07,-118.15,0,931.23809524,-215.4761905,27,41190,32.9513,23.1522
"755",91901,32.82,-116.75,1,-1115.5,10.333333333,24,33150,0,17.7706
"756",91901,32.82,-116.75,0,1025.6304348,126.19565217,42,49918,1.5241,27.2049
"757",91901,32.82,-116.75,1,-7237.6,55,51,89640,2.4523,35.1275
"758",91901,32.82,-116.75,0,-1467.15493,-77.32394366,22,65422,0,17.4925
"759",91901,32.82,-116.75,0,1630.75,-795.3076923,67,89640,2.4523,35.1275
"760",91901,32.82,-116.75,1,-3738.777778,1101.1111111,69,49918,1.5241,27.2049
"761",91901,32.82,-116.75,1,392.72727273,-272.4545455,73,33150,0,17.7706
"762",91902,32.66,-117.02,1,-2438.714286,295.85714286,55,82847,3.8358,48.8011
"763",91902,32.66,-117.02,1,2067.2857143,-106.5714286,58,88596,21.3208,51.2744
"764",91902,32.66,-117.02,1,-5545.333333,-117.6666667,68,55916,7.6718,36.3793
"765",91902,32.66,-117.02,1,-4480.166667,-733,51,93269,6.9672,62.7737
"766",91902,32.66,-117.02,1,-1374.444444,201.44444444,58,88596,21.3208,51.2744
"767",91902,32.66,-117.02,1,-832.125,-501.625,41,88596,21.3208,51.2744
"768",91902,32.66,-117.02,1,-5479.875,15.875,47,76220,5.7573,46.875
"769",91902,32.66,-117.02,1,-3103.285714,236.71428571,62,73947,6.6966,43.3787
"770",91902,32.66,-117.02,1,-1343.181818,-287.9090909,47,88596,21.3208,51.2744
"771",91902,32.66,-117.02,1,5107,349,43,79688,12.3012,34.4357
"772",91902,32.66,-117.02,1,342.15384615,-110.4615385,47,76220,5.7573,46.875
"773",91902,32.66,-117.02,1,-40.27272727,294.54545455,64,88596,21.3208,51.2744
"774",91911,32.61,-117.05,1,-897.2,242.8,60,52350,4.1641,21.2157
"775",91911,32.61,-117.05,1,-2616,345.25,79,64309,2.0814,23.8921
"776",91911,32.61,-117.05,1,-2572.333333,-196,42,25102,7.8975,16.3144
"777",91911,32.61,-117.05,1,-1484.428571,-147.7142857,64,23648,9.0929,7.2472
"778",91911,32.61,-117.05,1,-1988.857143,142.42857143,79,57921,11.5538,17.9221
"779",91911,32.61,-117.05,1,-1711.857143,258.42857143,73,24048,6.3052,3.9326
"780",91911,32.61,-117.05,1,-1617.9,197.5,41,60417,8.0378,14.5954
"781",91911,32.61,-117.05,1,-4607.9,-166.5,24,52155,14.4782,18.6686
"782",91911,32.61,-117.05,1,-3031.615385,-345.2307692,49,39668,7.4159,10.9571
"783",91911,32.61,-117.05,1,-2519.8,399.4,68,20873,3.2895,3.794
"784",91911,32.61,-117.05,1,-2183.8,-185.3,45,31041,6.2041,11.2777
"785",91911,32.61,-117.05,1,-4859,188.66666667,44,36283,7.1238,19.8204
"786",91911,32.61,-117.05,1,-4078.2,323.4,63,39474,5.9657,12.5251
"787",91911,32.61,-117.05,1,-2567.846154,456.53846154,74,63730,21.8088,34.8416
"788",91911,32.61,-117.05,1,-6466.428571,491.28571429,47,39668,7.4159,10.9571
"789",91913,32.65,-116.99,1,-3443.285714,247,50,55137,9.8083,19.2971
"790",91913,32.65,-116.99,1,-901.5,408.25,75,75108,0.7941,31.3869
"791",91913,32.65,-116.99,1,-1233.7,297.8,71,71029,14.6993,42.2347
"792",91913,32.65,-116.99,1,-3836.75,518.5,52,63730,21.8088,34.8416
"793",91913,32.65,-116.99,1,2761.5714286,-440.1428571,72,55137,9.8083,19.2971
"794",91913,32.65,-116.99,1,-2905.2,-546.2,73,55137,9.8083,19.2971
"795",91913,32.65,-116.99,1,-9274.25,-498.75,36,71029,14.6993,42.2347
"796",91914,32.66,-116.97,1,-3680.428571,159.28571429,36,71029,14.6993,42.2347
"797",91914,32.66,-116.97,1,-6505.5,-394.3333333,42,71029,14.6993,42.2347
"798",91915,32.64,-116.96,1,1756.5555556,-170.5555556,49,63730,21.8088,34.8416
"799",91915,32.64,-116.96,1,-1526.2,-306.2,47,63730,21.8088,34.8416
"800",91915,32.64,-116.96,1,-5399.6,151,55,63730,21.8088,34.8416
"801",91915,32.64,-116.96,1,2529.8461538,-226.3076923,38,63730,21.8088,34.8416
"802",91915,32.64,-116.96,1,-2119.833333,-118.0833333,49,63730,21.8088,34.8416
"803",91932,32.58,-117.12,1,-6549.714286,168.42857143,50,62305,2.2428,32.4213
"804",91932,32.58,-117.12,1,-4016.5,223.25,65,28271,3.207,9.6715
"805",91932,32.58,-117.12,1,-1504,99.666666667,26,33443,11.1722,20.7592
"806",91932,32.58,-117.12,1,-6510.384615,-145.0769231,70,62305,2.2428,32.4213
"807",91932,32.58,-117.12,1,2778.2857143,1644,78,28271,3.207,9.6715
"808",91932,32.58,-117.12,0,172.25,-247,26,27030,17.9243,9.2807
"809",91932,32.58,-117.12,1,-2645.428571,-61.14285714,73,37474,2.8127,3.7241
"810",91932,32.58,-117.12,1,-6680,252,50,33919,4.2885,9.4421
"811",91935,32.72,-116.83,1,1041.2857143,801.85714286,66,75108,0.7941,31.3869
"812",91935,32.72,-116.83,1,-6607.777778,107.11111111,39,79008,3.3561,27.6543
"813",91935,32.72,-116.83,1,-762.4285714,-110.1428571,36,80833,0.4548,30.559
"814",91935,32.72,-116.83,1,-5425,252,47,79008,3.3561,27.6543
"815",91942,32.78,-117.02,1,315.33333333,204.5,42,43654,1.7002,12.3057
"816",91942,32.78,-117.02,0,2657.7234043,-109.4893617,71,43654,1.7002,12.3057
"817",91942,32.78,-117.02,0,2220.25,-170.4583333,79,48658,1.4107,25.6198
"818",91942,32.78,-117.02,1,-6477.777778,107.11111111,71,43654,1.7002,12.3057
"819",91942,32.78,-117.02,1,-2194.333333,192.5,58,41696,2.0053,22.0217
"820",91945,32.73,-117.03,1,112.71428571,309,43,44534,10.757,23.778
"821",91945,32.73,-117.03,1,-5241.5,273.5,75,57895,10.7274,17.6697
"822",91945,32.73,-117.03,1,-2794,499.5,79,43060,3.5729,12.7007
"823",91945,32.73,-117.03,1,6190.5,314.5,43,47479,6.8696,13.6955
"824",91945,32.73,-117.03,1,-581,381.25,68,44534,10.757,23.778
"825",91945,32.73,-117.03,1,-2821.6,121,69,57895,10.7274,17.6697
"826",91945,32.73,-117.03,1,-238.5,629,59,40100,4.7141,13.0112
"827",91945,32.73,-117.03,1,-2806.6,-97,47,43219,5.5663,18.8862
"828",91945,32.73,-117.03,1,-8073.333333,118.6,76,47431,6.586,24.6473
"829",91945,32.73,-117.03,1,-6717.25,-498.75,47,41429,6.0464,14.3064
"830",91945,32.73,-117.03,1,1263.8333333,-33.5,47,41429,6.0464,14.3064
"831",91950,32.67,-117.09,1,-919,438.25,75,44248,15.2195,15.6923
"832",91950,32.67,-117.09,1,-1355,386,48,42863,21.6446,4.4295
"833",91950,32.67,-117.09,1,-1976.857143,347.78571429,43,23125,30.5128,11.6335
"834",91950,32.67,-117.09,1,2573.6666667,351.66666667,34,43438,31.5259,13.4641
"835",91950,32.67,-117.09,1,-4594.5,149.83333333,52,28433,14.0904,15.7233
"836",91950,32.67,-117.09,1,-3883.8,25.7,71,30392,30.9008,12.6283
"837",91950,32.67,-117.09,1,-1257.25,0,47,23125,30.5128,11.6335
"838",91950,32.67,-117.09,1,-2645.428571,-61.14285714,72,26558,29.4369,16.4141
"839",91950,32.67,-117.09,1,-7627,-29,65,42863,21.6446,4.4295
"840",91950,32.67,-117.09,1,-1174.888889,270.66666667,52,49850,41.4685,30.7554
"841",91977,32.72,-117,1,-1988.857143,142.42857143,65,48284,14.8587,24.4985
"842",91977,32.72,-117,0,-920.5769231,218.65384615,79,39679,19.4359,16.1028
"843",91977,32.72,-117,1,-5811.5,-86.75,47,43495,17.6381,16.213
"844",91977,32.72,-117,1,2790,172.66666667,53,61848,0,12.1034
"845",91977,32.72,-117,0,-547.1702128,-271.6170213,74,44375,4.4803,24.7446
"846",91977,32.72,-117,1,-3376.857143,-219.2142857,50,31985,1.6271,13.0469
"847",91977,32.72,-117,1,-76.2,73.8,52,39679,19.4359,16.1028
"848",91977,32.72,-117,1,-757.2,160.8,47,62242,5.7513,33.3668
"849",91977,32.72,-117,0,-2083.368421,-24.84210526,41,31826,9.2105,11.7005
"850",91977,32.72,-117,1,510.5,279.83333333,53,52062,5.3592,30.927
"851",91977,32.72,-117,1,-5486.833333,859.91666667,23,76118,3.4464,26.3366
"852",91977,32.72,-117,1,2238,-188.4545455,47,44692,12.41,16.9643
"853",91977,32.72,-117,1,-3345.5,419.75,47,76118,3.4464,26.3366
"854",91978,32.73,-116.95,1,-3146.714286,623.42857143,54,51909,6.9641,28.1291
"855",91978,32.73,-116.95,1,-6052.384615,-139.0769231,76,53125,1.7831,36.6939
"856",91978,32.73,-116.95,1,-5247.625,34.625,28,53125,1.7831,36.6939
"857",91978,32.73,-116.95,0,-1303.047619,63.571428571,50,53125,1.7831,36.6939
